spiyear,inv_inf,inv_san,inv_tur
2022,28.87,2.03,2.81
2023,31.757000000000005,2.233,3.091
2024,34.932700000000004,2.4563,3.4001000000000006
2025,38.425970000000014,2.7019300000000004,3.7401100000000014
