capacidad,demanda,evento_infra,evento_zona,tmed,prec,velmedia,presMax
985,877,0,0,17.63919015684956,0.02012906379156776,3.85843766501768,935.9220278420656
974,1084,1,1,8.985900291113191,0,4.280610766917171,870.6326139733251
1013,1124,1,1,18.8142864474409,0,3.911476716206262,933.2333126467018
1032,1145,1,1,9.9004016568194,5.540715831460493,2.7427684380339614,959.9405581299044
1011,901,0,0,10.562745142225676,6.427811166491534,2.2387515276855177,943.317367778759
